{"metadata":{"asset_id":"a12a3ec3-e7f8-415c-9e06-bbb415548866","asset_attributes":["notebook"],"name":"Applied Data Science Capstone - Wee3 Assignment","asset_type":"notebook","created_at":"2021-06-10T18:29:56Z","description":"","origin_country":"us","owner_id":"IBMid-550008HY51","project_id":"01e39a71-662b-4edc-89d8-4554aa8fcc12","size":207,"tags":["notebook"],"usage":{"last_update_time":1623358433902,"last_updated_at":"2021-06-10T20:53:53Z"}},"entity":{"notebook":{"kernel":{"name":"python3","display_name":"Python 3.7","language":"python"},"originates_from":{"type":"blank"},"runtime":{"environment":"conda2py37-01e39a71-662b-4edc-89d8-4554aa8fcc12"}}},"attachments":[{"id":"dac42cf9-6ca5-43bf-91d3-fd44c6b35070","version":2,"asset_type":"notebook","name":"attachment for notebook a12a3ec3-e7f8-415c-9e06-bbb415548866","description":"attachment for notebook a12a3ec3-e7f8-415c-9e06-bbb415548866","mime":"application/json","datasource_type":"193a97c1-4475-4a19-b90c-295c4fdc6517","object_key":"notebook/Applied_Data_Science_Capstone_-_Wee3_Assignment_EEgbKkUop.ipynb","creator_id":"IBMid-550008HY51","create_time":1623349797466,"size":207,"is_remote":false,"is_managed":false,"is_referenced":true,"is_object_key_read_only":false,"is_user_provided_path_key":true,"transfer_complete":true,"is_partitioned":false,"complete_time_ticks":1623349797466,"user_data":{},"test_doc":0,"handle":{"bucket":"applieddatasciencecapstone-donotdelete-pr-jefvnsrjikgdvd","location":"eu-geo","key":"notebook/Applied_Data_Science_Capstone_-_Wee3_Assignment_EEgbKkUop.ipynb","upload_id":"done","max_part_num":1},"usage":{"access_count":0,"last_accessor_id":"IBMid-550008HY51","last_access_time":1623349797466}}]}
